{
    "catboost": {
        "train-cv-loss": 1.0390085153809983,
        "test-cv-loss": 1.0503342372475504
    }
}
