{
    "catboost": {
        "train-cv-loss": 1.0450150012179535,
        "test-cv-loss": 1.047611020167181
    }
}
