{
    "catboost": {
        "train-cv-loss": 1.045005458264842,
        "test-cv-loss": 1.0475843626638557
    }
}
