{
    "catboost": {
        "train-cv-loss": 1.0327455366124065,
        "test-cv-loss": 1.0430874901734497
    }
}
