{
    "catboost": {
        "train-cv-loss": 1.032895644963046,
        "test-cv-loss": 1.0431374741714576
    }
}
