{
    "catboost": {
        "train-cv-loss": 1.0442577724473963,
        "test-cv-loss": 1.0475178406626697
    }
}
