{
    "xgboost": {
        "train-cv-loss": 1.028919240926147,
        "test-cv-loss": 1.0457490218478918
    }
}
