{
    "xgboost": {
        "train-cv-loss": 1.0293980301392007,
        "test-cv-loss": 1.045750045618332
    }
}
