{
    "xgboost": {
        "train-cv-loss": 1.0269010898953141,
        "test-cv-loss": 1.0479905473701694
    }
}
