{
    "xgboost": {
        "train-cv-loss": 1.0283905452558937,
        "test-cv-loss": 1.0457861546684328
    }
}
