{
    "xgboost": {
        "train-cv-loss": 1.0176699785446155,
        "test-cv-loss": 1.0416566481420566
    }
}
