{
    "catboost": {
        "train-cv-loss": 1.0444991255955156,
        "test-cv-loss": 1.0475057569818484
    }
}
