{
    "catboost": {
        "train-cv-loss": 1.044061898576733,
        "test-cv-loss": 1.047487324615719
    }
}
