{
    "catboost": {
        "train-cv-loss": 1.048879368900807,
        "test-cv-loss": 1.0496820158752564
    }
}
