{
    "catboost": {
        "train-cv-loss": 1.0448609678154475,
        "test-cv-loss": 1.047525304744541
    }
}
