{
    "catboost": {
        "train-cv-loss": 1.047063202531016,
        "test-cv-loss": 1.0482024389750109
    }
}
