{
    "catboost": {
        "train-cv-loss": 1.0458347851186665,
        "test-cv-loss": 1.0474877524491493
    }
}
