{
    "catboost": {
        "train-cv-loss": 1.0472092722632547,
        "test-cv-loss": 1.0483019851997284
    }
}
