{
    "catboost": {
        "train-cv-loss": 1.0380267025399228,
        "test-cv-loss": 1.0355428692756197
    }
}
