{
    "catboost": {
        "train-cv-loss": 1.0485651950636548,
        "test-cv-loss": 1.0493265796567641
    }
}
