step	xgboost
0	1.0499186544202115
0	1.0484874518030283
0	1.0484874518030283
