step	xgboost
0	1.0597536247712376
0	1.0597536247712376
