step	xgboost
0	1.0514113864165626
0	1.050539675442098
0	1.050539675442098
