step	xgboost
0	1.0615903859661158
0	1.0615903859661158
