step	xgboost
0	1.063859260064306
0	1.063859260064306
0	1.063859260064306
