step	xgboost
0	1.053487526032732
0	1.0528360043852272
0	1.0528360043852272
