step	eval
0	0.957548077513532
1	0.9491267146133795
2	0.9470470285997158
3	0.9463006643260398
4	0.9446792420817585
5	0.9464156344169523
6	0.9434051070271469
7	0.9434130010081501
8	0.9429371320619816
9	0.9425112466986586
