step	eval
0	0.9551146757311937
1	0.9479834037583049
2	0.9466033672414175
3	0.9448012469745264
4	0.944457735957169
5	0.9437428967254918
6	0.9428669337819262
7	0.9428450101759376
8	0.9424098679205266
9	0.9415618014044878
