step	train
0	0.9871810618161426
1	0.9526542913658539
2	0.9483407387675131
3	0.9469231875664598
4	0.9458655405117466
5	0.944943840532857
6	0.9443876256636523
7	0.9439021095587937
8	0.9433106515750244
9	0.9425100624014479
