step	train
0	1.0074616127422462
1	0.9540956034937401
2	0.9493058445985894
3	0.9473239945344604
4	0.9461805701984907
5	0.9453681175132774
6	0.9447261322893499
7	0.9441045963800646
8	0.943869729107673
9	0.9435263050076429
