{
    "xgboost": {
        "train-cv-loss": 1.0432522359977265,
        "test-cv-loss": 1.0464231836568911
    }
}
