{
    "xgboost": {
        "train-cv-loss": 1.0432845966780513,
        "test-cv-loss": 1.0455791805087493
    }
}
