{
    "xgboost": {
        "train-cv-loss": 1.033141804980889,
        "test-cv-loss": 1.0457168212685848
    }
}
