{
    "xgboost": {
        "train-cv-loss": 1.0430644105819835,
        "test-cv-loss": 1.0456042613602
    }
}
