{
    "xgboost": {
        "train-cv-loss": 1.04325603893915,
        "test-cv-loss": 1.0457655210956531
    }
}
