{
    "xgboost": {
        "train-cv-loss": 1.0429455406874468,
        "test-cv-loss": 1.0455392985457235
    }
}
