{
    "xgboost": {
        "train-cv-loss": 1.0431080996018403,
        "test-cv-loss": 1.0455916736782687
    }
}
