{
    "xgboost": {
        "train-cv-loss": 1.0429578745553958,
        "test-cv-loss": 1.0455457497208365
    }
}
