{
    "loss": {
        "train": 0.9315694898640344,
        "eval": 0.9326563143148655
    },
    "step": 49
}
