{
    "xgboost": {
        "train-cv-loss": 1.0262465296589647,
        "test-cv-loss": 1.0481741882095708
    }
}
