{
    "loss": {
        "train": 0.9425100624014479,
        "eval": 0.9415618014044878
    },
    "step": 9
}
