{
    "loss": {
        "train": 0.9435263050076429,
        "eval": 0.9425112466986586
    },
    "step": 9
}
