{
    "loss": {
        "train": 0.92775471440149,
        "eval": 0.9328268868167225
    },
    "step": 999
}
