{
    "loss": {
        "train": 0.9306220434127598,
        "eval": 0.9337519450885493
    },
    "step": 99
}
