{
    "xgboost": {
        "train-cv-loss": 1.0381994048347578,
        "test-cv-loss": 1.04586171923448
    }
}
