step	xgboost
0	1.058082253654688
0	1.058082253654688
0	1.058082253654688
0	1.0592770876859483
