step	xgboost
0	1.0537944616733428
0	1.0530188462550696
0	1.0530188462550696
