step	xgboost
0	1.064553471325071
0	1.064553471325071
