step	eval
0	0.368414127216723
1	0.37213433416071057
2	0.3672179191961482
3	0.37389275995095544
4	0.37288794521367263
5	0.37341427674272554
