step	train
0	0.363613526801201
1	0.3697441295740278
2	0.3715863009438138
3	0.3732281062717562
4	0.3733686615548405
5	0.37338211897556134
