step	xgboost
0	1.0491000437124633
0	1.0477069719195218
0	1.0477069719195218
