step	xgboost
0	1.0568268756783559
0	1.0568268756783559
0	1.0568268756783559
0	1.053940612672971
