step	xgboost
0	1.059332823669625
0	1.059332823669625
