{
    "catboost": {
        "train-cv-loss": 1.0441332040158788,
        "test-cv-loss": 1.0455671758392469
    }
}
