{
    "catboost": {
        "train-cv-loss": 4.9801166442740294,
        "test-cv-loss": 4.9800536897389645
    }
}
