{
    "catboost": {
        "train-cv-loss": 1.0438810916712753,
        "test-cv-loss": 1.0453613667766763
    }
}
