{
    "catboost": {
        "train-cv-loss": 1.0387312557348483,
        "test-cv-loss": 1.0472180160442417
    }
}
