{
    "catboost": {
        "train-cv-loss": 1.0441744845120762,
        "test-cv-loss": 1.045449107500769
    }
}
