{
    "catboost": {
        "train-cv-loss": 1.0441736468338174,
        "test-cv-loss": 1.0455115502402341
    }
}
