{
    "catboost": {
        "train-cv-loss": 1.0440136277238337,
        "test-cv-loss": 1.0453964444922714
    }
}
