{
    "catboost": {
        "train-cv-loss": 0.9599889515195891,
        "test-cv-loss": 0.9755287694938556
    }
}
