{
    "catboost": {
        "train-cv-loss": 1.043896423641872,
        "test-cv-loss": 1.0454030627938604
    }
}
