step	xgboost
0	1.0515424144510623
0	1.050517789960989
0	1.050517789960989
