step	xgboost
0	1.0574545646665219
0	1.0574545646665219
0	1.0574545646665219
0	1.0567258426812005
