step	xgboost
0	1.061817913159271
0	1.061817913159271
0	1.061817913159271
