{
    "rmsle": {
        "0": 1.0775821684085862,
        "1": 1.0717415818580203,
        "2": 1.077275343978833,
        "3": 1.0738005956259744,
        "4": 1.072923350213622,
        "average": 1.0746646080170073
    }
}
