{
    "rmsle": {
        "0": 1.0709584456549384,
        "1": 1.0664642308091907,
        "2": 1.0709743353222643,
        "3": 1.068933820446457,
        "4": 1.0678714080973535,
        "average": 1.069040448066041
    }
}
