{
    "rmsle": {
        "0": 1.0914105063499233,
        "1": 1.0860239604457202,
        "2": 1.0910444543626492,
        "3": 1.0877163740849203,
        "4": 1.0862287839678433,
        "average": 1.0884848158422114
    }
}
