{
    "rmsle": {
        "0": {
            "basic": 1.0776428931338995,
            "xgboost": 1.0618753971831658
        },
        "1": {
            "basic": 1.0719703950392128,
            "xgboost": 1.056601398478768
        },
        "2": {
            "basic": 1.0774585903449094,
            "xgboost": 1.061226197476825
        },
        "3": {
            "basic": 1.0739007234631057,
            "xgboost": 1.0587797640182934
        },
        "4": {
            "basic": 1.073168557063156,
            "xgboost": 1.0571172061045238
        },
        "average": {
            "basic": 1.0748282318088567,
            "xgboost": 1.0591199926523152
        }
    },
    "step": 0
}
