{
    "rmsle": {
        "0": 1.0914197024776282,
        "1": 1.0860625262139212,
        "2": 1.0910545397604867,
        "3": 1.0877118145341194,
        "4": 1.0862267289852934,
        "average": 1.08849506239429
    }
}
