{
    "rmsle": {
        "0": {
            "basic": 1.0776564535202897,
            "xgboost": 1.053867610638274
        },
        "1": {
            "basic": 1.0719514094453773,
            "xgboost": 1.048768726157376
        },
        "2": {
            "basic": 1.077459257745832,
            "xgboost": 1.05337187258124
        },
        "3": {
            "basic": 1.0738809447850857,
            "xgboost": 1.051314600884802
        },
        "4": {
            "basic": 1.0731639892181764,
            "xgboost": 1.0494514786274773
        },
        "average": {
            "basic": 1.0748224109429523,
            "xgboost": 1.051354857777834
        }
    },
    "step": 0
}
