{
    "rmsle": {
        "0": 1.0914220426751418,
        "1": 1.0860315805439327,
        "2": 1.0910522155409013,
        "3": 1.0877036606783206,
        "4": 1.0862363550732232,
        "average": 1.0884891709023037
    }
}
