{
    "rmsle": {
        "0": {
            "basic": 1.075822543561724,
            "xgboost": 1.0592770876859483
        },
        "1": {
            "basic": 1.0738576340307946,
            "xgboost": 1.053940612672971
        },
        "average": {
            "basic": 1.0748400887962593,
            "xgboost": 1.0567258426812005
        },
        "2": {
            "xgboost": 1.0587106326276627
        },
        "3": {
            "xgboost": 1.0567786392467378
        },
        "4": {
            "xgboost": 1.0549222411726829
        }
    },
    "step": 0
}
