{
    "rmsle": {
        "0": {
            "basic": 1.0776479727473447,
            "xgboost": 1.064553471325071
        },
        "1": {
            "basic": 1.0719593675874484,
            "xgboost": 1.059332823669625
        },
        "2": {
            "basic": 1.07746231060429,
            "xgboost": 1.063859260064306
        },
        "3": {
            "basic": 1.073904381807721,
            "xgboost": 1.0615903859661158
        },
        "4": {
            "basic": 1.0731722924578029,
            "xgboost": 1.0597536247712376
        },
        "average": {
            "basic": 1.0748292650409212,
            "xgboost": 1.061817913159271
        }
    },
    "step": 0
}
