{
    "rmsle": {
        "0": 1.1731610517083555,
        "1": 1.1645801985477584,
        "2": 1.1707483215825905,
        "3": 1.1658636769140145,
        "4": 1.1645918069876662,
        "average": 1.167789011148077
    }
}
