{
    "rmsle": {
        "0": {
            "basic": 1.0776571394012646,
            "xgboost": 1.0544972741350505
        },
        "1": {
            "basic": 1.0719610981180325,
            "xgboost": 1.0493124417026234
        },
        "2": {
            "basic": 1.0774517520327682,
            "xgboost": 1.0538592207659188
        },
        "3": {
            "basic": 1.073903669589968,
            "xgboost": 1.0518198020753158
        },
        "4": {
            "basic": 1.073167817832475,
            "xgboost": 1.0499871665829135
        },
        "average": {
            "basic": 1.0748282953949018,
            "xgboost": 1.0518951810523642
        }
    },
    "step": 0
}
