{
    "rmsle": {
        "0": {
            "basic": 1.0776536991346872,
            "xgboost": 1.0530188462550696
        },
        "1": {
            "basic": 1.0719508879891793,
            "xgboost": 1.0477069719195218
        },
        "2": {
            "basic": 1.077466936441068,
            "xgboost": 1.0528360043852272
        },
        "3": {
            "basic": 1.0738892344275635,
            "xgboost": 1.050539675442098
        },
        "4": {
            "basic": 1.073162566819399,
            "xgboost": 1.0484874518030283
        },
        "average": {
            "basic": 1.0748246649623794,
            "xgboost": 1.050517789960989
        }
    },
    "step": 0
}
