{
    "ensemble": {
        "train-cv-loss": 1.0456126282241645,
        "test-cv-loss": 1.0458771700401643
    }
}
