{
    "ensemble": {
        "train-cv-loss": 1.0455775412738428,
        "test-cv-loss": 1.0455822982153808
    }
}
