{
    "ensemble": {
        "train-cv-loss": 1.080963314532489,
        "test-cv-loss": 1.0921169319723603
    }
}
