{
    "ensemble": {
        "train-cv-loss": 0.9771210909100905,
        "test-cv-loss": 1.0007061895384886
    }
}
