{
    "ensemble": {
        "train-cv-loss": 1.0259948407960064,
        "test-cv-loss": 1.0263244832114196
    }
}
