{
    "ensemble": {
        "train-cv-loss": 1.0452720950197516,
        "test-cv-loss": 1.0452829166734123
    }
}
