{
    "ensemble": {
        "train-cv-loss": 1.0456792508804742,
        "test-cv-loss": 1.0457853669994723
    }
}
