{
    "ensemble": {
        "train-cv-loss": 1.0454649822102096,
        "test-cv-loss": 1.0454745230084723
    }
}
