{
    "ensemble": {
        "train-cv-loss": 1.045576193597681,
        "test-cv-loss": 1.0455818448970235
    }
}
