{
    "ensemble": {
        "train-cv-loss": 0.9769259013064084,
        "test-cv-loss": 1.0007585394429173
    }
}
