{
    "ensemble": {
        "train-cv-loss": 1.0336202748547654,
        "test-cv-loss": 1.0489652055814778
    }
}
