{
    "ensemble": {
        "train-cv-loss": 1.0454626684290134,
        "test-cv-loss": 1.0455114218395027
    }
}
