{
    "ensemble": {
        "train-cv-loss": 1.0453778192198495,
        "test-cv-loss": 1.0453855288023592
    }
}
