{
    "ensemble": {
        "train-cv-loss": 1.045386767717589,
        "test-cv-loss": 1.045393074137739
    }
}
