{
    "ensemble": {
        "train-cv-loss": 1.0453121946495472,
        "test-cv-loss": 1.0453215052452052
    }
}
