{
    "ensemble": {
        "train-cv-loss": 1.0455576393628006,
        "test-cv-loss": 1.045580642953441
    }
}
