{
    "ensemble": {
        "train-cv-loss": 1.0451903381953582,
        "test-cv-loss": 1.0452089283199502
    }
}
