{
    "ensemble": {
        "train-cv-loss": 0.9885144912292774,
        "test-cv-loss": 1.0104762077797267
    }
}
