{
    "ensemble": {
        "train-cv-loss": 1.0453857089887093,
        "test-cv-loss": 1.0453928826156116
    }
}
