{
    "ensemble": {
        "train-cv-loss": 1.045223926055823,
        "test-cv-loss": 1.0452441063432059
    }
}
