{
    "xgboost": {
        "train-cv-loss": 1.0865742618517897,
        "test-cv-loss": 1.0869629680709405
    }
}
