{
    "xgboost_simple": {
        "train-cv-loss": 1.0435068386513695,
        "test-cv-loss": 1.0464153415596524
    }
}
