{
    "xgboost": {
        "train-cv-loss": 1.0292026621841577,
        "test-cv-loss": 1.0457853773924515
    }
}
