{
    "xgboost": {
        "train-cv-loss": 1.0257535132762017,
        "test-cv-loss": 1.0581271317388334
    }
}
